,time,int,A,L1,L2,A_1,A_2,Y_1,Y_2,L1_1,L1_2,L2_1,L2_2
0,2.0,0.7894664014290603,0.3006856693131902,1.0170647366179186,0.6301154123466994,0.30068566931318946,0.30068566931318974,-0.057969697668500866,-0.09733232307519275,0.1345859478688664,0.06421542443306984,-0.43788327690402107,-0.18030956231868192
1,3.0,-0.6518257834498388,0.3210456597464599,1.1500665505169292,0.9751113685727475,0.3210456597464605,0.32104565974646065,0.09550922241084507,0.005308281181589933,0.3058703737311791,-0.0702032930823986,-0.03391156604508716,0.20610814850516515
2,4.0,-0.33630945810370094,0.24119141162586497,1.0059879086396308,1.4115252673693348,0.2411914116258651,0.24119141162586502,-0.04520093381795874,-0.11036527291889,0.03745900533269286,0.03894997468333611,0.2756772104020302,0.02572930318217992
3,5.0,-0.5497934083937313,0.3685754007958954,0.7850381071704475,1.251126433112692,0.3685754007958952,0.36857540079589535,0.03685801164329007,0.022332916707793894,0.06302908013820155,0.3361851399360237,0.2944430324265353,-0.04230111598505909
4,6.0,-0.2742456321800356,0.3499507316561692,0.7463496280093983,0.8706266236056642,0.34995073165616886,0.34995073165616875,-0.01044360693928889,-0.008229090036926782,-0.22315651432440667,0.5026459993084778,0.46101573543999624,-0.11292566577504598
5,7.0,0.8434996093606288,0.2334418324156925,0.8963661935841555,1.0230227022921974,0.233441832415692,0.23344183241569175,-0.026408903907204545,-0.02333894729377991,0.005396118543084638,0.08528921582891108,-0.477628869890279,-0.15325810107330937
6,8.0,-0.6486729753505885,0.373287073867142,1.3091425115652302,1.1706285847043931,0.37328707386714266,0.37328707386714177,-0.038688712384148394,0.05591394311340217,0.19347586309669232,0.13722115800737533,-0.09884832385323217,0.06421925023980363
7,9.0,-0.7830878282798204,0.3386653957513116,1.155410378719388,0.7765338141116613,0.3386653957513136,0.33866539575131355,-0.037994786006530175,0.13362521807320626,0.4979129691480432,-0.14658906059470272,0.13877291641474163,0.18351222396692055
8,10.0,0.5801621149828293,0.3984067407597669,0.8669430342456763,0.46007244262283054,0.3984067407597669,0.3984067407597669,-0.08640118026016463,-0.01743546510951445,0.2555884303125703,-0.20832279674689264,-0.1967464582261292,0.14257053005748918
